{"packages/cupertino_icons/assets/CupertinoIcons.ttf":["packages/cupertino_icons/assets/CupertinoIcons.ttf"],"assets/fonts/Nunito/Nunito-Bold.ttf":["assets/fonts/Nunito/Nunito-Bold.ttf"],"assets/fonts/Nunito/Nunito-ExtraBold.ttf":["assets/fonts/Nunito/Nunito-ExtraBold.ttf"],"assets/fonts/Nunito/Nunito-Regular.ttf":["assets/fonts/Nunito/Nunito-Regular.ttf"],"assets/fonts/Nunito/Nunito-SemiBold.ttf":["assets/fonts/Nunito/Nunito-SemiBold.ttf"],"assets/fonts/Red_Hat_Display/RedHatDisplay-Italic.ttf":["assets/fonts/Red_Hat_Display/RedHatDisplay-Italic.ttf"],"assets/fonts/Choplin/Rene%20Bieder%20-%20Choplin%20Bold%20Italic.otf":["assets/fonts/Choplin/Rene%20Bieder%20-%20Choplin%20Bold%20Italic.otf"],"assets/fonts/Roboto/Roboto-Regular.ttf":["assets/fonts/Roboto/Roboto-Regular.ttf"],"assets/img/SquareAppicon1024t.png":["assets/img/SquareAppicon1024t.png"],"assets/img/available.png":["assets/img/available.png"],"assets/img/chat.png":["assets/img/chat.png"],"assets/img/check.png":["assets/img/check.png"],"assets/img/decline.png":["assets/img/decline.png"],"assets/img/edit.png":["assets/img/edit.png"],"assets/lang/en.json":["assets/lang/en.json"],"packages/font_awesome_flutter/lib/fonts/fa-brands-400.ttf":["packages/font_awesome_flutter/lib/fonts/fa-brands-400.ttf"],"packages/font_awesome_flutter/lib/fonts/fa-regular-400.ttf":["packages/font_awesome_flutter/lib/fonts/fa-regular-400.ttf"],"packages/font_awesome_flutter/lib/fonts/fa-solid-900.ttf":["packages/font_awesome_flutter/lib/fonts/fa-solid-900.ttf"],"assets/img/icon.png":["assets/img/icon.png"],"assets/img/logo_text_white.png":["assets/img/logo_text_white.png"],"assets/lang/nl.json":["assets/lang/nl.json"],"assets/img/offer.png":["assets/img/offer.png"],"assets/img/profile.png":["assets/img/profile.png"],"assets/img/save.png":["assets/img/save.png"],"assets/img/saved.png":["assets/img/saved.png"],"assets/img/stockImage.jpg":["assets/img/stockImage.jpg"]}