[{"family":"MaterialIcons","fonts":[{"asset":"fonts/MaterialIcons-Regular.ttf"}]},{"family":"Roboto","fonts":[{"asset":"assets/fonts/Roboto/Roboto-Regular.ttf"}]},{"family":"Nunito","fonts":[{"weight":400,"asset":"assets/fonts/Nunito/Nunito-Regular.ttf"},{"weight":600,"asset":"assets/fonts/Nunito/Nunito-SemiBold.ttf"},{"weight":700,"asset":"assets/fonts/Nunito/Nunito-Bold.ttf"},{"weight":900,"asset":"assets/fonts/Nunito/Nunito-ExtraBold.ttf"}]},{"family":"RedHatDisplay","fonts":[{"asset":"assets/fonts/Red_Hat_Display/RedHatDisplay-Italic.ttf"}]},{"family":"ReneBieder","fonts":[{"asset":"assets/fonts/Choplin/Rene%20Bieder%20-%20Choplin%20Bold%20Italic.otf"}]},{"family":"packages/cupertino_icons/CupertinoIcons","fonts":[{"asset":"packages/cupertino_icons/assets/CupertinoIcons.ttf"}]},{"family":"packages/font_awesome_flutter/FontAwesomeBrands","fonts":[{"weight":400,"asset":"packages/font_awesome_flutter/lib/fonts/fa-brands-400.ttf"}]},{"family":"packages/font_awesome_flutter/FontAwesomeRegular","fonts":[{"weight":400,"asset":"packages/font_awesome_flutter/lib/fonts/fa-regular-400.ttf"}]},{"family":"packages/font_awesome_flutter/FontAwesomeSolid","fonts":[{"weight":900,"asset":"packages/font_awesome_flutter/lib/fonts/fa-solid-900.ttf"}]}]